Nom du pays	Code Pays	Population	Croissance de la population (% annuel)	Part des revenus détenus par les 20% les plus pauvres	Espérance de vie à la naissance (années)	Nombre d'enfants par femme	Taux de mortalité infantile (pour 1 000)	PIB ($ US courants)	Croissance du PIB (% annuel)	Agriculture (% du PIB)	Industrie (% du PIB)	Dépenses militaires (% du PIB)	Abonnements à la téléphonie mobile (pour 100 habitants)	Exportations de haute technologie (% des exportations de biens manufacturés)	Commerce de marchandises (% du PIB)	Investissements directs étrangers, entrées  (IDE, $ US courants)	PIB par habitant ($ US courants)
Afghanistan	AFG	38041754	2,311817217	..	64,833	4,321	60,3	19291104008	3,911603419	25,77397074	14,05811237	1,173907978	59,3560197	..	43,05093165	23404553,65	507,1034319
Albanie	ALB	2854191	-0,426007367	..	78,573	1,597	9,7	15279183290	2,240070268	18,47235747	20,19576373	1,27255922	91,29301538	..	56,37081405	1201022154	5353,244856
Algérie	DZA	43053054	1,933950191	..	76,88	2,988	23,3	171091000000	0,8	12,38037428	37,4392387	6,009523489	109,3560773	..	45,44825169	1381269144	3973,964072
Samoa américaines	ASM	55312	-0,276230801	..	..	..	..	..	..	..	..	..	..	..	..	..	..
Andorre	AND	77142	0,176453843	..	..	..	3	3154057987	1,849238257	..	..	..	113,9573773	..	60,0496252	..	40886,39116
Angola	AGO	31825295	3,242982603	..	61,147	5,442	74,7	88815697793	-0,624644318	6,660118785	54,41159742	1,644661129	46,59863797	..	55,00491604	-4098478748	2790,726615
Antigua-et-Barbuda	ATG	97118	0,860380481	..	77,016	1,987	6,6	1661962963	4,658649157	1,760078444	21,57087781	..	..	..	43,56294431	139466666,7	17112,82113
Argentine	ARG	44938712	0,993397493	4,7	76,667	2,247	9,3	445445000000	-2,088014864	6,088397131	23,40985342	0,706520712	125,842106	5,21279068	25,64625363	6663062112	9912,281809
Arménie	ARM	2957731	0,201539723	9	75,087	1,758	11,8	13672802158	7,599999999	11,98835603	24,28740021	4,945726871	122,3487531	9,794845162	59,63664146	254077251,7	4622,733493
Aruba	ABW	106314	0,442121959	..	76,293	1,901	..	..	..	..	..	..	..	4,35366898	..	-76041739,42	..
Australie	AUS	25365745	1,521653677	..	82,9	1,657	3,6	1396570000000	2,160956295	2,121596985	25,38244874	1,879802395	110,6208823	21,5247036	35,26998667	40498920290	55057,2047
Autriche	AUT	8879920	0,444673639	..	81,79268293	1,46	3,5	445075000000	1,418734272	1,085623332	25,52425292	0,725448727	119,7752968	11,49867138	81,65537947	-8100275768	50121,55421
Azerbaïdjan	AZE	10024283	0,846646726	..	73,005	1,8	20,4	48047647059	2,218704277	5,716874181	48,68598572	3,999058616	106,9924534	4,956043573	65,55992214	1503918000	4793,125559
Bahamas	BHS	389482	0,991335935	..	73,918	1,743	12,6	13578800000	1,217873857	0,597990986	12,88847321	..	109,2494647	..	26,66656847	264596251,7	34863,7421
Bahreïn	BHR	1641172	4,469239009	..	77,292	1,964	6,9	38574069149	1,819174511	0,281718302	42,41963341	3,690245548	115,7929212	..	77,17360563	941755319,1	23503,97713
Bangladesh	BGD	163046161	1,042001128	..	72,591	2,011	30,8	302571000000	8,152684947	12,68027164	29,64867881	1,343644271	101,5491558	..	32,53151073	1908045387	1855,739824
Barbade	BRB	287025	0,133875829	..	79,19	1,623	12,7	5209000000	-0,096135553	..	..	..	114,7377406	13,69191338	38,875024	215370000	18148,24493
Bélarus	BLR	9417849	-0,694662243	10	74,22682927	1,382	3,2	63080457023	1,222096629	6,784527975	31,29630009	1,243043704	123,0082886	4,251962495	114,8374686	1273300000	6697,968615
Belgique	BEL	11502704	0,659843636	..	81,74634146	1,57	3,4	533097000000	1,743819525	0,626245135	19,11601621	0,933647268	99,7421427	12,02089268	163,3609372	-28965673808	46345,40329
Belize	BLZ	390353	1,883110736	..	74,623	2,274	12,3	1879613600	0,273680469	9,563393774	11,95510875	1,165394186	65,30473699	..	77,03711018	102890130,2	4815,163711
Bénin	BEN	11801151	2,715105359	..	61,771	4,767	90,3	14390709095	6,865687335	26,87580163	16,3125612	0,652801729	87,70201313	1,249986579	51,9710318	218207871,7	1219,432672
Bermudes	BMU	64027	0,167396746	..	81,86658537	1,59	..	7484113000	0,459889943	0,219090759	6,385165483	..	..	6,940522366	15,60639183	4389826,5	116889,9527
Bhoutan	BTN	763092	1,146382274	..	71,777	1,954	28,5	2530547158	5,46452256	15,81602193	36,13174361	..	95,5637066	..	62,23950403	13032399,58	3316,175714
Bolivie	BOL	11513100	1,399098368	5,1	71,513	2,688	26	40895322844	2,216705778	12,22175758	25,21027455	1,421958095	101,5263482	..	45,33770297	-237408056,2	3552,06876
Bosnie-Herzégovine	BIH	3301000	-0,692206409	..	77,401	1,254	5,9	20164193807	2,678160823	5,597813361	23,93800504	0,935792432	113,7691912	5,27087754	87,96285222	390210690,9	6108,510696
Botswana	BWA	2303697	2,175290909	..	69,592	2,836	41,6	18340480936	2,966125648	1,949304355	28,3027575	2,770202921	162,6411807	0,385021903	64,32219548	260928016,9	7961,325181
Brésil	BRA	211049527	0,751548427	3,1	75,881	1,719	13,9	1839760000000	1,136585572	4,436544793	17,92222642	1,476021635	95,71653293	13,27629703	22,27211356	69174151370	8717,186278
Îles Vierges britanniques	VGB	30030	0,762137664	..	..	..	..	..	..	..	..	..	..	..	..	57996843294	..
Brunéi Darussalam	BRN	433285	1,002737318	..	75,86	1,819	11,4	13469422959	3,869109865	0,98605513	62,5153211	3,345752386	132,6607198	8,503808747	90,14491591	373256767,2	31086,75112
Bulgarie	BGR	6975761	-0,703905641	..	74,91463415	1,58	6,7	68558815112	3,69430838	3,236492593	21,61878315	3,22090415	116,2063245	10,85245268	102,8007848	1643900000	9828,148515
Burkina Faso	BFA	20321378	2,844222553	..	61,577	5,109	87,5	15990803570	5,699434934	20,17366478	25,57966381	2,429948399	100,2122395	25,8025793	53,91223751	162970140,3	786,8956313
Burundi	BDI	11530580	3,128967114	..	61,584	5,321	56,5	3012334882	1,842476677	28,89755838	10,95613431	1,765131006	56,64970019	1,531362084	35,4210286	1044960,501	261,2474725
Cabo Verde	CPV	549935	1,127924314	..	72,981	2,242	14,9	1981845740	5,66775246	4,796943431	19,60576413	0,486092073	108,3184376	..	43,29297596	105301877,8	3603,781793
Cambodge	KHM	16486542	1,44639338	..	69,823	2,478	26,6	27089389787	7,054106932	20,71187069	34,22605072	2,264765445	129,9161522	1,194021495	130,7522993	3663032999	1643,121389
Cameroun	CMR	25876380	2,584247107	..	59,292	4,506	74,8	39007354359	3,720711422	14,50766354	26,03737992	1,096663762	82,70374759	..	25,87973516	1024779238	1507,450206
Canada	CAN	37593384	1,4150147	..	82,04878049	1,4684	4,9	1736430000000	1,656040845	..	..	1,280344481	91,86310664	16,51307169	52,43737391	45087716090	46189,66011
Îles Caïmans	CYM	64948	1,198880548	..	..	..	..	..	..	..	..	..	..	..	..	984919518,3	..
République centrafricaine	CAF	4745185	1,674745212	..	53,283	4,645	110,1	2220307369	2,970275648	32,42511449	21,13048118	1,498322557	33,61921611	..	34,6798831	25601157,42	467,9074406
Tchad	TCD	15946876	2,985937461	..	54,239	5,649	113,8	11314951343	3,247181917	42,59444912	14,27005097	2,17578021	48,06483101	..	41,38771664	566638950,9	709,5403101
Îles Anglo-Normandes	CHI	172259	1,026972656	..	83,086	1,509	..	..	..	..	..	..	..	..	..	..	..
Chili	CHL	18952038	1,182980431	..	80,181	1,627	7	282318000000	1,054442551	3,544254074	29,33007447	1,82160881	132,1845598	7,527474108	49,47999099	11928369565	14896,45387
Chine	CHN	1397715000	0,357291063	..	76,912	1,696	7,9	14279900000000	5,949714233	7,143691248	38,58740342	1,888597953	121,7922911	30,78501209	32,05786447	155815000000	10216,63033
Colombie	COL	50339443	1,356788043	3,7	77,287	1,789	13,8	323616000000	3,260216702	6,74171968	26,25682677	3,152355574	131,6724442	9,124115414	28,47912522	14313721547	6428,676206
Comores	COM	850886	2,205877437	..	64,321	4,138	62,9	1165839927	1,986109517	33,07157522	8,853911468	..	67,60224049	3,031922602	23,41659379	3677361,421	1370,148207
Congo, République démocratique du	COD	86790567	3,187086302	..	60,681	5,819	84,8	50400746171	4,384528881	19,96523389	40,73373984	0,6738169	42,77332121	..	25,79326892	1350994226	580,7168672
Congo, République du	COG	5380508	2,562900803	..	64,57	4,374	47,8	12267392147	-3,544130306	7,784656909	50,35756024	2,662898759	..	6,671594467	83,89721203	3366085029	2279,969131
Costa Rica	CRI	5047561	0,957905014	4,4	80,279	1,737	8,6	61801385049	2,083794843	4,243557049	18,46033524	0	169,3935546	17,56490681	45,22714172	2505080215	12243,81143
Côte d'Ivoire	CIV	25716544	2,549336239	..	57,783	4,593	79,3	58539424930	6,231709513	20,67122108	21,18727272	1,139994222	145,340692	11,232924	39,43496204	1008704755	2276,333279
Croatie	HRV	4065253	-0,554146739	..	78,42439024	1,47	4,8	60752588976	2,858925968	2,920006027	20,26115585	1,667802902	106,6423198	8,304374303	74,63056433	1170052265	14944,35622
Cuba	CUB	11333483	-0,041064554	..	78,802	1,602	5,1	..	..	..	..	..	53,31661061	..	..	..	..
Curacao	CUW	157441	-1,196439518	..	..	1,6	..	3101787709	-3,4	..	..	..	112,7349716	..	61,57739275	67780648,85	19701,27038
Chypre	CYP	1198575	0,779788192	..	80,982	1,321	2,3	24948935408	3,075034343	1,735895426	12,70802145	1,627664717	143,849919	19,87421432	50,61137797	25930367780	27858,371
République tchèque	CZE	10671870	0,393788864	..	79,12926829	1,71	3,2	250681000000	2,335309283	1,934204584	31,43260317	1,190685197	122,5662254	20,804636	150,7085685	9332858121	23489,83866
Danemark	DNK	5814422	0,358130916	..	81,20243902	1,7	3,8	350104000000	2,849514441	1,328104617	21,11962893	1,32256524	125,4958526	12,04440921	59,58309667	-7499269283	60213,09215
Djibouti	DJI	973560	1,515180502	..	67,112	2,676	57,5	3324634256	7,770497257	1,271718563	15,9377782	..	42,51057973	..	227,0625704	175000000	3414,92487
Dominique	DMA	71808	0,255171543	..	..	..	34,7	582403703,7	3,556743244	13,04745976	15,33745843	..	..	..	53,57108789	32551851,85	8110,568512
République dominicaine	DOM	10738958	1,046460513	6	74,081	2,323	28	88941299734	5,052168023	5,227288926	29,07733665	0,730151763	83,32379175	..	35,42448794	2824500000	8282,116359
Équateur	ECU	17373662	1,679213179	4,5	77,01	2,403	14	107436000000	0,053718829	8,996839178	32,26645453	2,286824013	91,24789005	5,527952825	41,78593766	948594269,5	6183,823825
Égypte, République arabe d’	EGY	100388073	1,976284348	..	71,99	3,28	20,3	303092000000	5,557683888	11,0485607	35,62210783	1,180453002	94,97170247	2,340478517	32,96422073	9010100000	3019,205829
El Salvador	SLV	6453553	0,509683302	6,3	73,317	2,021	13,3	27022640000	2,382362908	5,080850724	25,63180355	1,194888939	..	5,126159061	66,46648884	724753960,8	4187,250031
Guinée équatoriale	GNQ	1355986	3,528524074	..	58,735	4,429	81,8	11026774945	-5,576308454	2,525357615	50,48143894	..	..	..	71,64379466	452287114,4	8131,923888
Érythrée	ERI	..	..	..	66,321	3,997	40,5	..	..	..	..	..	..	..	..	67116000	..
Estonie	EST	1326898	0,371554389	..	78,49756098	1,66	2,4	31471100656	4,996443785	2,49300424	22,03844875	2,120434528	147,1771541	5,772711197	108,4264588	2962634486	23717,79945
Éthiopie	ETH	112078730	2,579563348	..	66,597	4,146	50,7	95912590628	8,364085699	33,521072	24,82236751	0,601169492	..	..	18,05289575	2516228020	855,7608623
Îles Féroé	FRO	48678	0,372524228	..	82,74634146	2,4	..	..	..	..	..	..	..	..	..	..	..
Fidji	FJI	889953	0,729660242	..	67,444	2,754	25,7	5496250694	-0,4453347	11,84914876	15,58580363	1,619530705	..	22,0013002	69,33817637	322282826,1	6175,88872
Finlande	FIN	5521606	0,11019169	..	81,78536585	1,35	2,4	269296000000	1,145535703	2,311727831	24,18605231	1,481490763	129,2443669	9,214541081	54,6505817	15768223069	48771,3738
France	FRA	67055854	0,134220009	..	82,57804878	1,87	4,5	2715520000000	1,50859403	1,597141948	17,13520341	1,857220041	110,6100121	26,99241184	45,12111046	51038713851	40496,36403
Polynésie française	PYF	279287	0,577415665	..	77,657	1,927	..	..	..	..	..	..	..	..	..	32625026,51	..
Gabon	GAB	2172579	2,484089207	..	66,467	3,922	42,5	16874450215	3,944946204	5,554416266	47,20818078	1,59301498	137,75384	..	62,66278228	1553136883	7767,013404
Gambie	GMB	2347706	2,921850237	..	62,05	5,154	51,7	1826073740	6,056765744	21,79719527	15,79299368	0,824343186	..	0,040954839	41,23601274	32266071,55	777,8119321
Géorgie	GEO	3720161	-0,17156574	6,8	73,767	2,055	9,6	17477255546	4,982350459	6,504589282	20,3125586	1,989966487	134,7205052	2,567720053	76,18473029	1341122820	4697,983648
Allemagne	DEU	83092962	0,225519874	..	80,94146341	1,54	3,8	3861120000000	0,555450888	0,721821951	26,70373001	1,279500177	128,3570318	16,42632709	70,53920858	72211216446	46467,5162
Ghana	GHA	30417856	2,162577887	..	64,074	3,816	46,2	66983634224	6,478394805	17,30634537	31,99322087	0,441936078	134,3193846	1,13778738	43,41209661	3879831470	2202,115567
Gibraltar	GIB	33701	-0,050430889	..	..	..	..	..	..	..	..	..	120,2842646	..	..	..	..
Grèce	GRC	10717169	-0,146507836	..	81,93902439	1,35	3,8	209853000000	1,870870004	3,654929225	15,28280731	2,571972336	113,4494873	12,51486997	47,74585736	4999635990	19580,98833
Groenland	GRL	56225	0,359917714	..	..	2,08	..	..	..	..	..	..	108,7944664	..	..	..	..
Grenade	GRD	112003	0,491370693	..	72,397	2,042	16,5	1210603704	1,914286641	4,897770626	13,56501042	..	..	..	41,46691427	131044444,4	10808,67212
Guam	GUM	167294	0,916352318	..	80,074	2,293	..	..	..	..	..	..	..	..	..	..	..
Guatemala	GTM	16604026	1,560386048	..	74,302	2,822	24,5	76710355347	3,844902067	9,365381622	21,91668523	0,418531309	118,7279996	4,920136355	40,48605936	966759860	4619,985258
Guinée	GIN	12771246	2,834575382	..	61,602	4,625	98,8	12296665331	5,6	23,63852358	23,72528423	2,029174026	100,7967429	..	59,75603793	44400000	962,8399086
Guinée-Bissau	GNB	1920922	2,456522095	..	58,322	4,402	78,5	1339449165	4,600094045	52,53759566	13,19698353	..	82,79258606	..	40,09110714	30612874,13	697,2949269
Guyane	GUY	782766	0,481762011	..	69,906	2,44	29,3	5173759528	5,35283079	17,59529623	28,68930316	1,650968715	..	1,566056588	88,63960483	1695179887	6609,586425
Haïti	HTI	11263077	1,249899403	..	64,001	2,887	62,8	14332163266	-1,68198513	19,38274919	23,31653872	0,001287275	60,7594177	..	39,40089081	75000000	1272,490925
Honduras	HND	9746117	1,640648793	3,6	75,27	2,427	16,8	25095395475	2,65276116	10,72196511	27,38690563	1,629646715	77,56759949	1,966731342	81,86362323	955095298	2574,912191
Chine, RAS de Hong Kong	HKG	7507400	0,75409492	..	85,07804878	1,051	..	365712000000	-1,249488124	..	..	..	288,5327012	65,56644476	304,2619388	58299361095	48713,47375
Hongrie	HUN	9771141	-0,04525571	..	76,02195122	1,49	3,7	163469000000	4,578190461	3,357050457	24,96187643	1,220831242	106,0716003	17,45780148	148,9150458	32049970433	16729,78037
Islande	ISL	360563	2,198932258	..	82,56097561	1,75	2	24188038474	1,918676867	4,343769155	19,38758504	0	121,9493203	38,07920363	48,7431009	-480910801,7	67084,08371
Inde	IND	1366417754	1,015106028	..	69,656	2,202	34,3	2868930000000	4,180727625	16,01507787	24,7794349	2,395246379	84,27000876	10,29886438	28,24429892	50610647354	2099,599048
Indonésie	IDN	270625568	1,100584587	6,9	71,716	2,288	23,9	1119190000000	5,024714022	12,71715358	38,9487536	0,674409306	126,1069128	8,097892919	30,28607864	24993551748	4135,569263
Iran, République islamique d’	IRN	82913906	1,352226023	..	76,677	2,146	13,9	..	-6,784215668	12,18187982	31,67780302	2,312118697	142,3903718	..	..	1508000000	..
Iraq	IRQ	39309783	2,254134219	..	70,604	3,597	25,9	234094000000	4,400909845	1,476382046	49,89769522	3,468703277	94,69591577	..	54,92279871	-3075600000	5955,10901
Irlande	IRL	4934040	1,361546928	..	82,30243902	1,7	3,3	388699000000	5,549767182	0,901973136	35,18268822	0,289905561	105,6900007	25,9734867	69,33107626	-46633226471	78778,99477
Île de Man	IMN	84584	0,60120778	..	..	..	..	..	..	..	..	..	..	..	..	..	..
Israël	ISR	9054000	1,90898264	..	82,80487805	3,01	3,7	394652000000	3,471688231	..	..	5,257651249	137,3339858	23,09242282	34,23216606	19047100000	43588,71331
Italie	ITA	60302093	-0,198249205	..	83,19756098	1,27	3,1	2003580000000	0,342718997	1,91353303	21,38174278	1,35140678	131,2645046	7,833264155	50,21895486	31192029026	33225,64849
Jamaïque	JAM	2948279	0,456356197	..	74,475	1,965	13,9	16458071068	0,7	6,598570424	20,251645	1,604714965	102,5640043	3,064780819	48,15266605	665415555	5582,263778
Japon	JPN	126264931	-0,208999473	..	84,35634146	1,36	2,5	5081770000000	0,65415165	..	..	0,930602183	147,0232275	17,02289176	28,07134381	36280892672	40246,88013
Jordanie	JOR	10101694	1,452664319	..	74,526	2,691	15,6	44502895862	1,955466394	4,912643817	24,45447108	4,680536959	77,00460933	1,36854377	62,13078827	825492957,7	4405,488412
Kazakhstan	KAZ	18513673	1,28960849	..	73,18	2,9	10,5	181666000000	4,5	4,466335958	33,02879591	1,056352367	138,6292278	29,77547838	52,33012663	3369885001	9812,526588
Kenya	KEN	52573973	2,27190164	..	66,699	3,423	43,2	95503088538	5,365748965	34,14965361	16,14641759	1,15594133	103,7690208	4,592515618	24,60025153	1332436904	1816,546916
Kiribati	KIR	117606	1,506969958	..	68,369	3,53	50,9	194647201,9	2,247365963	..	..	..	46,47551996	..	73,98	482545,0943	1655,078839
Corée, République démocratique de	PRK	25666161	0,454319922	..	72,274	1,896	17,3	..	..	..	..	..	..	..	..	25759138,61	..
Corée République de	KOR	51709098	0,198353208	..	83,22682927	0,918	3,2	1646740000000	2,039348227	1,62242067	32,83214695	2,673585474	134,4892665	32,4074909	63,49372066	10565600000	31846,21823
Kosovo	XKX	1788878	-0,457730006	..	72,49512195	1,97	..	7926133714	4,171659256	6,911299901	26,55820202	0,824280693	..	..	..	285081551,3	4430,784947
Koweït	KWT	4207083	1,672323183	..	75,489	2,077	7,9	134629000000	0,427320685	0,451468277	57,45790681	5,615501039	174,1593403	0,90276949	72,8352235	515617569,4	32000,44847
République kirghize	KGZ	6456200	2,08787614	9,6	71,6	3,3	18,3	8454619608	4,507138923	12,08984304	27,60633812	1,505408116	134,3947411	6,767634258	81,25735182	278859100	1309,53496
République démocratique populaire laos	LAO	7169455	1,517115575	..	67,923	2,626	45,5	18173839147	4,651887119	15,28811753	30,90984611	..	60,84399721	20,60946392	66,11701525	755524124,2	2534,89828
Lettonie	LVA	1913822	-0,69523914	..	75,23902439	1,61	3,6	34102913582	2,054081508	3,724961325	18,55506702	2,031748807	108,6572233	17,24152126	101,5631697	1059246101	17819,27138
Liban	LBN	6855713	0,099061362	..	78,93	2,075	7,2	51991634492	-6,7	3,073209976	12,76192834	4,242218385	61,81650253	..	47,06526394	2223271880	7583,694722
Lesotho	LSO	2125268	0,809566476	..	54,331	3,108	86,4	2376328637	-0,805720589	4,53165759	29,06067342	1,546863635	74,49375796	..	129,2329668	117671911,4	1118,131284
Libéria	LBR	4937374	2,427194604	..	64,104	4,247	84,6	3070518100	-2,278245125	39,1132363	11,9679998	0,51652075	..	..	45,49720778	86681700,46	621,8929536
Libye	LBY	6777452	1,469777653	..	72,913	2,206	11,5	52091152228	2,535953478	..	..	..	..	..	74,5116941	..	7685,949267
Liechtenstein	LIE	38019	0,287110524	..	83,04146341	1,47	..	..	..	..	..	..	125,5898367	..	..	..	..
Lituanie	LTU	2794137	-0,264704355	..	76,13414634	1,61	3,7	54627411860	4,338861033	3,223970882	25,25601687	2,02672325	168,8207501	12,03012759	126,14546	1573981541	19550,72778
Luxembourg	LUX	620001	1,96284492	..	82,44634146	1,34	2,8	71104919108	2,296978816	0,226573208	11,31715942	0,622177914	135,7577766	6,56093708	56,95667826	-11420831094	114685,1684
Région administrative spéciale de Macao, Chine	MAC	640445	1,384996838	..	84,244	1,228	..	53859116536	-4,710859447	..	..	..	..	..	23,68029931	6484462571	84096,39631
Macédoine du Nord	MKD	2083459	0,024049441	..	75,797	1,489	6,1	12547040499	3,2	8,046818646	23,4999906	1,244459333	92,20306231	4,222575404	132,7803158	549500829,9	6022,216179
Madagascar	MDG	26969307	2,656240162	..	67,041	4,026	50,6	14114631281	4,851	23,33861423	17,21931631	0,613169182	..	0,366303746	46,52618881	474311425,4	523,3590645
Malawi	MWI	18628747	2,640375193	..	64,263	4,127	41,6	7666704427	4,369238991	25,54072117	12,91956906	0,885396813	47,78113633	7,255989392	48,99106305	98422743,26	411,5523404
Malaisie	MYS	31949777	1,327060649	..	76,156	1,983	8,6	364681000000	4,302815982	7,255789665	37,40141966	1,033978773	139,5962795	51,84896235	121,5288302	9101052111	11414,20698
Maldives	MDV	530953	2,91560605	..	78,921	1,84	7,6	5642179170	6,98667554	5,233177735	11,69872307	..	155,9539168	..	57,58413375	961146508,8	10626,5134
Mali	MLI	19658031	2,99663676	..	59,306	5,785	94	17279566719	4,751341534	37,32059716	20,92417345	2,709170359	116,6214561	..	48,20144009	493823353,8	879,0080104
Malte	MLT	504062	3,931356319	..	82,6	1,1	7	14989415684	4,919822117	0,71149905	12,46550797	0,564620805	144,0568429	29,78167614	67,24077984	4115026656	29737,24598
Îles Marshall	MHL	58791	0,645031416	..	..	..	31,8	..	..	..	..	..	..	..	..	4177233,798	..
Mauritanie	MRT	4525696	2,741280273	..	64,925	4,503	72,9	7600656944	5,931442089	18,69950882	25,31916226	2,818955471	104,090067	0,013144802	70,44127948	-883561115,8	1679,444873
Maurice	MUS	1265711	0,032240043	..	74,23585366	1,4	16	14048430519	3,014762911	2,897378734	17,26688432	0,153188085	147,0148102	2,143742448	55,79982753	472302807,1	11099,24028
Mexique	MEX	127575529	1,091362132	..	75,054	2,103	14,2	1268870000000	-0,054527928	3,388358384	30,88271118	0,516843479	95,66159745	20,42305256	73,13953474	29353967205	9946,033829
Micronésie, États fédérés de	FSM	113815	1,037743079	..	67,883	3,01	29,4	..	..	..	..	..	..	..	..	..	..
Moldova	MDA	2663251	-1,674182005	..	71,901	1,269	14,4	11968713370	3,580484254	10,05165031	22,77172469	0,376936995	89,37944428	2,964391094	72,03781838	501610000	4494,023797
Monaco	MCO	38964	0,726376735	..	..	..	3,1	..	..	..	..	..	86,70311056	..	..	..	..
Mongolie	MNG	3225167	1,718753097	..	69,87	2,867	15,6	13996719329	5,159070603	10,80062215	38,45332578	0,703201814	137,0136492	18,94402064	98,21587242	2443343095	4339,843279
Monténégro	MNE	622028	-0,031987013	..	76,884	1,748	2,3	5542577965	4,06293885	6,393841539	16,12944145	1,643544351	183,2837304	..	60,87420008	418205414,7	8910,495934
Maroc	MAR	36471769	1,22105093	..	76,68	2,382	21,4	119700000000	2,481905124	12,16319049	25,34464936	3,094492413	127,9529984	4,89982035	66,7216231	1599761098	3204,095003
Mozambique	MOZ	30366036	2,907137438	..	60,854	4,783	74,2	15291448212	2,283597203	26,02672382	22,85658459	0,895181627	48,65094674	..	79,80277493	2180768236	503,5707727
Myanmar	MMR	54045420	0,625548337	..	67,134	2,138	44,7	76085852617	2,887960733	..	..	..	..	2,750520024	48,25732871	2292325392	1407,813143
Namibie	NAM	2494530	1,872480881	..	63,708	3,344	42,4	12366528259	-1,134096127	6,613173976	26,59383149	3,028329466	113,1938682	0,236883641	102,2841636	-176478261,6	4957,458222
Nauru	NRU	12581	-0,972916514	..	..	..	30,9	118223430,1	0	..	..	..	..	..	105,7320024	..	9396,981967
Népal	NPL	28608710	1,837337077	..	70,778	1,876	30,8	30641380604	6,99121244	24,25589183	13,29568588	1,56308145	..	..	43,43146339	185554758,7	1071,050761
Pays-Bas	NLD	17344874	0,655071575	..	82,01219512	1,57	4	907051000000	1,677418368	1,646288107	17,70373726	1,340651681	127,2845209	23,06481147	148,2722805	35689139761	52295,03905
Nouvelle-Calédonie	NCL	287800	1,3080311	..	77,63414634	1,94	..	..	..	..	..	..	..	..	..	413344988,1	..
Nouvelle-Zélande	NZL	4979300	1,593167231	..	81,70731707	1,72	4,7	206929000000	2,811070102	..	..	1,498862401	..	9,865713421	39,56917241	2943285693	41557,80241
Nicaragua	NIC	6545502	1,229573677	..	74,485	2,377	16,6	12520915291	-3,87904755	15,41303163	25,06763697	0,654937275	88,43373663	1,062570506	97,90817776	503000000	1912,903745
Niger	NER	23310715	3,793668153	..	62,42	6,824	80,4	12911689659	5,90279179	37,80548405	20,23350953	1,839984015	..	..	26,89810622	717147639,4	553,8950504
Nigéria	NGA	200963599	2,564841886	..	54,687	5,317	117,2	448120000000	2,208429277	21,90629593	27,38253705	0,460792415	91,85357742	1,482401172	26,28489853	3299085483	2229,858696
Mariannes	MNP	57216	0,585463293	..	..	..	..	..	..	..	..	..	..	..	..	..	..
Norvège	NOR	5347896	0,675061373	..	82,90731707	1,53	2,4	403336000000	1,154721939	1,931982104	29,10338765	1,684120191	107,3802483	22,61836249	46,64047603	12734728527	75419,63487
Oman	OMN	4974986	2,968313394	..	77,861	2,842	11,4	76331518669	-1,647926213	2,352945131	53,72406068	8,761275759	138,2321115	..	84,11073318	3419765930	15343,062
Pakistan	PAK	216565318	2,029214863	..	67,273	3,454	67,2	278222000000	0,98882944	22,04142176	18,3387737	3,976950712	76,37688644	2,302693347	26,48353649	2218000000	1284,702041
Palaos	PLW	18008	0,562440575	..	..	..	17,3	268354919,4	-4,24729447	..	..	..	..	..	65,58478614	22000000	14901,98353
Panama	PAN	4246439	1,651786891	3,6	78,506	2,437	14,9	66800800000	3,006389295	2,125872744	29,52299972	0	131,8517704	..	47,93206069	5891326086	15731,01603
Papouasie-Nouvelle-Guinée	PNG	8776109	1,953679082	..	64,501	3,52	44,8	24829107011	5,9	..	..	0,372887893	..	..	60,5821224	333974905,4	2829,170309
Paraguay	PRY	7044636	1,265167271	4,8	74,254	2,405	19,4	38145288940	-0,029914393	10,07876113	32,23693066	0,986209173	110,1809661	7,182844204	52,9449391	596238194,4	5414,799138
Pérou	PER	32510453	1,616157197	5,2	76,736	2,233	13,2	226848000000	2,150131391	6,960742874	30,22376034	1,166978075	..	4,078138711	39,65870532	8891912446	6977,695784
Philippines	PHL	108116615	1,363994679	..	71,231	2,526	27,3	376796000000	6,040575257	8,824422121	30,16588589	0,958761785	154,7610716	62,24658142	48,7893289	7685339334	3485,084218
Pologne	POL	37965475	-0,024427107	..	77,85609756	1,42	4,4	595858000000	4,540919514	2,346378825	28,64803137	2,022693273	127,7270912	10,11288296	88,27788118	14399000000	15694,73863
Portugal	PRT	10286263	0,023733495	..	80,68292683	1,42	3,7	238785000000	2,235976555	2,055284332	18,89991426	1,936662596	116,4632624	6,942215276	65,72646695	8270971798	23213,9782
Porto Rico	PRI	3193694	0,010646546	..	79,9285122	1,035	..	104989000000	1,187663555	0,68169306	48,51402914	..	114,9505626	..	..	..	32873,71927
Qatar	QAT	2832067	1,795285051	..	80,227	1,846	6,5	175838000000	0,774808391	0,230041116	56,88718276	..	138,3290367	0,002503856	58,07235111	-2812637363	62088,06183
Roumanie	ROU	19366221	-0,547516188	..	75,45853659	1,76	7	250077000000	4,152627412	4,102620185	28,16288911	2,037109776	117,0747154	11,07256524	69,33972021	7365441774	12913,07396
Fédération de Russie	RUS	144406261	-0,049568665	..	73,08390244	1,504	5,8	1699880000000	1,341875441	3,448292072	32,16630339	3,878588303	164,3876311	13,00276494	39,67629229	31974770000	11584,99538
Rwanda	RWA	12626950	2,607652645	..	69,024	3,99	34,3	10354417725	9,428675224	23,54719582	18,88981516	1,186027809	76,49153596	10,55160075	37,36569359	384461863,6	820,0252417
Samoa	WSM	197097	0,491828867	..	73,321	3,83	15	852250191	3,580625558	9,754449529	15,58594491	..	..	2,279035222	51,27602254	1019329,508	4324,014018
Saint-Marin	SMR	33860	0,22174597	..	..	..	1,7	..	..	..	..	..	114,4418193	..	..	..	..
Sao Tomé-et-Principe	STP	215056	1,890763323	..	70,385	4,267	29,8	418637389	1,301623446	12,4625608	12,32906676	..	77,07806339	17,03026394	38,45810342	24346838,65	1946,643614
Arabie saoudite	SAU	34268528	1,673111729	..	75,133	2,275	6,6	792967000000	0,331435729	2,233336375	47,43127269	7,979832993	120,5147446	0,648362934	52,30559212	4562573671	23139,79866
Sénégal	SEN	16296364	2,749747408	..	67,941	4,556	45,3	23578084052	5,271192358	14,79156783	24,3804687	1,450063017	109,721371	0,935341144	52,24343069	983338154	1446,830965
Serbie	SRB	6945235	-0,536610018	..	75,68536585	1,52	5,3	51475016532	4,24851344	5,953788831	25,57405785	2,220247418	96,37095905	..	90,06310852	4268709250	7411,558649
Seychelles	SYC	97625	0,887925293	..	73,94390244	2,34	14,2	1703387387	5,312514161	2,304932134	10,98159442	1,332291957	198,1522217	2,19832182	98,92053989	228198923,2	17448,27029
Sierra Leone	SLE	7813215	2,109075252	..	54,696	4,169	109,2	4121733705	5,507686458	54,34143905	5,237131874	0,73496769	86,13360825	..	52,47791717	342447726,8	527,5336344
Singapour	SGP	5703569	1,144283307	..	83,49756098	1,14	2,5	372063000000	0,733309935	0,029670919	24,49160969	3,207594557	155,6474064	52,12820793	201,5868153	105466000000	65233,28244
Sint Maarten (Dutch part)	SXM	40733	0,194134259	..	..	..	..	..	..	..	..	..	..	..	..	55277704,1	..
République slovaque	SVK	5454147	0,135328073	..	77,47073171	1,56	5,8	105080000000	2,317023455	2,466107319	28,72078641	1,755998857	135,5967816	9,912570585	171,0273689	2312686694	19266,0141
Slovénie	SVN	2088385	0,696304046	..	81,2804878	1,61	2,1	54174227309	3,184341624	2,005825235	28,88777655	1,05353081	120,8464227	7,354029839	164,1924665	1709955186	25940,72803
Îles Salomon	SLB	669823	2,565385064	..	72,996	4,361	19,7	1589913622	1,194928396	..	..	..	71,37945398	..	66,10422008	32787092,72	2373,63247
Somalie	SOM	15442905	2,855602116	..	57,397	5,978	117	4942319041	..	..	..	..	..	..	..	447000000	320,038169
Afrique du Sud	ZAF	58558267	1,31629201	..	64,131	2,381	34,5	351432000000	0,152583317	1,884542463	25,99922187	0,976948136	165,5999383	4,894529683	56,21434507	4624502604	6001,401121
Soudan du Sud	SSD	11062113	0,782224434	..	57,846	4,619	96,2	..	..	..	..	3,362341597	20,08628008	..	..	-231840000	..
Espagne	ESP	47133521	0,714923608	..	83,48536585	1,24	3,1	1393490000000	1,950126894	2,614936711	20,47796705	1,238844477	118,4398	6,860932302	50,63191946	14813334470	29564,7449
Sri Lanka	LKA	21803000	0,611875946	..	76,978	2,188	7,1	84008783756	2,283465301	7,417575763	27,39786052	1,94187122	144,3395582	..	37,94484169	758186663,2	3853,083693
Saint-Kitts-et-Nevis	KNA	52834	0,752340352	..	..	..	15,4	1053244444	2,842805326	1,39076434	25,61186598	..	..	..	38,07283315	92266666,67	19934,97453
Sainte-Lucie	LCA	182790	0,494134202	..	76,203	1,424	22,3	2122450630	1,728838432	2,011141314	9,967218711	..	..	10,54759421	30,76632224	30640740,74	11611,41545
Saint-Martin (fr)	MAF	38002	1,961107678	..	79,97317073	1,81	..	..	..	..	..	..	..	..	..	..	..
Saint-Vincent-et-les Grenadines	VCT	110589	0,343298993	..	72,534	1,872	14,6	824718518,5	0,494924137	7,164285009	13,96031867	..	92,86637912	9,926151019	45,22755239	113066666,7	7457,509504
Soudan	SDN	42813238	2,391434033	..	65,311	4,347	58,4	30513456085	-2,503537273	11,60708963	0,959526057	1,647957233	77,11203717	..	43,16784032	825354992,3	441,5056034
Suriname	SUR	581363	0,929025561	..	71,682	2,394	18	3697371950	0,267654931	9,737080689	29,76609248	..	139,9867899	12,52179912	108,5365512	72402793,87	6359,833614
Eswatini	SWZ	1148130	1,045309194	..	60,194	2,958	49,4	4471598727	2,243919525	8,454585132	34,09354922	1,823258322	..	0,274638735	85,78587289	127970922	3894,679807
Suède	SWE	10278887	1,013722263	..	82,95853659	1,7	2,6	530884000000	1,260980055	1,444411142	22,18252897	1,120598539	128,4911022	14,6126695	60,15195011	16836299507	51647,99156
Suisse	CHE	8575280	0,713313668	..	83,70487805	1,48	4	703082000000	0,928832412	0,654732413	25,60408867	0,728114189	126,0455236	12,91396374	84,16708631	37313310481	81989,44351
République arabe syrienne	SYR	17070135	0,96451174	..	72,697	2,771	21,5	..	..	..	..	..	113,5761609	..	..	..	..
Tadjikistan	TJK	9321018	2,390546289	..	71,097	3,556	33,8	8116626794	7,011268985	..	..	..	..	..	56,6737897	212809730,7	870,7875893
Tanzanie	TZA	58005463	2,951681673	..	65,456	4,832	50,3	63177068175	5,791371376	..	..	1,316926885	82,20817408	..	22,8833031	990626173,7	1122,12181
Thaïlande	THA	69625582	0,283426556	7,7	77,15	1,514	9	543549000000	2,354693911	7,984295466	33,41354243	1,339318604	186,1585875	23,61064719	88,77378611	4816635832	7806,742211
Timor-Leste	TLS	1293119	1,963835583	..	69,495	3,943	44,2	2017924900	18,7235248	14,18536438	29,37277795	1,049478873	110,2184718	..	36,91911428	74580323,02	1560,509822
Togo	TGO	8082366	2,420335208	..	61,042	4,259	66,9	5490272413	5,338669812	22,54578525	15,42630574	3,124631677	77,19500701	0,147649582	59,6327423	133312924,1	679,2902491
Tonga	TON	104494	1,248987063	..	70,907	3,518	16,6	512350059,4	0,734030017	..	..	..	59,4330775	..	50,35619597	1742414,095	4903,152903
Trinité-et-Tobago	TTO	1394973	0,36734766	..	73,507	1,711	17,5	24269714810	-0,00281	1,108707062	43,65713185	0,735762957	155,1087369	..	62,11445053	183972765,3	17397,98176
Tunisie	TUN	11694719	1,113643743	..	76,699	2,174	16,9	38796687568	1,043045338	10,37464096	22,73733585	2,556073214	126,3052836	6,885865649	94,04926628	810173457,7	3317,453593
Turquie	TUR	83429615	1,339260351	5,4	77,691	2,055	10	761425000000	0,916534797	6,423208383	27,19211702	2,718365933	96,83716867	3,043567807	51,37442866	9266000000	9126,561346
Turkménistan	TKM	5942089	1,546389218	..	68,191	2,74	42	..	..	..	..	..	..	..	..	2165862500	..
Îles Turques-et-Caïques	TCA	38191	1,386860448	..	..	..	..	1197415000	5,324557297	0,360359608	11,86664607	..	..	..	29,81422481	26961666,67	31353,32932
Tuvalu	TUV	11646	1,192032773	..	..	..	23,9	47271463,33	9,756097561	..	..	..	..	..	61,34779412	298862,0826	4059,029996
Ouganda	UGA	44269594	3,555740529	..	63,368	4,824	45,8	35165157017	6,803326813	23,05150806	26,29989208	2,050106329	57,36556563	..	31,25252646	1266026788	794,3410779
Ukraine	UKR	44386203	-0,53099416	9,7	71,82731707	1,228	8,4	153781000000	3,233491188	9,009088796	22,56368246	3,356164643	130,6294363	..	71,96789607	5833000000	3659,031312
Émirats arabes unis	ARE	9770529	1,438780445	..	77,972	1,387	7,5	421142000000	1,677720371	0,730840171	46,16036914	..	200,6320743	2,162975059	138,6355739	13787465940	43103,32306
Royaume-Uni	GBR	66836327	0,564131113	..	81,20487805	1,65	4,3	2829110000000	1,462658202	0,610660917	17,4206874	1,743458811	119,8975178	23,46813032	41,19609113	2236675458	42328,90026
États-Unis	USA	328239523	0,473953539	..	78,78780488	1,705	6,5	21433200000000	2,161176288	..	..	3,413106668	134,4588794	18,93354799	19,64522746	351631000000	65297,51751
Uruguay	URY	3461734	0,359859761	5,8	77,911	1,963	7,1	56045912953	0,222121728	5,899620456	24,17676071	2,018775761	138,0749359	8,271266734	28,41955668	1189230715	16190,12696
Ouzbékistan	UZB	33580350	1,876470167	..	71,725	2,785	17,4	57921286440	5,563723953	25,51586136	33,15585534	..	101,2075903	0,725248058	61,96340276	2317206627	1724,856544
Vanuatu	VUT	299882	2,430920193	..	70,474	3,744	25,9	934239973,8	3,264589732	..	..	..	88,44112017	..	36,17914128	41000000	3115,35862
Venezuela	VEN	28515829	-1,235041146	..	72,064	2,25	24,2	..	..	..	..	..	47,25896975	..	..	934000000	..
Viet Nam	VNM	96462106	0,960110494	..	75,4	2,05	19,9	261921000000	7,017434882	13,95647559	34,48966334	..	141,2268627	40,43606065	197,8365674	16120000000	2715,276036
Îles Vierges (EU)	VIR	106669	-0,310759833	..	79,66829268	2,05	..	..	..	..	..	..	..	..	..	..	..
Cisjordanie et Gaza	PSE	4685306	2,511782463	..	74,053	3,56	19,4	..	0,949014485	..	..	..	86,32538513	1,806630639	..	121633487,4	..
Yémen, Rép. du	YEM	29161922	2,300580114	..	66,125	3,7	58,4	22581081994	2,097414361	5,702669543	40,60737235	..	..	..	52,43769986	-370982777,8	774,3344898
Zambie	ZMB	17861030	2,892372927	..	63,886	4,559	61,7	23309773923	1,441784548	2,860718458	34,94203675	1,211039086	96,41441171	2,313785373	61,22753506	547967909,6	1305,063254
Zimbabwe	ZWE	14645468	1,419681046	..	61,49	3,531	54,6	21440758800	-8,100000199	..	..	0,698600973	90,10228966	4,954689112	36,23472505	280000000	1463,98591
